{
    "name" : "Pebble Firmware (Egg McMuffin)",

    "firmware" : {
        "boards" : ["bigboard", "ev2_4"],
        "release" : true,
        "cflags" : []
    },

    "files" : [
        {
            "src" : "release-notes/egg-mcmuffin.txt",
            "dst" : "release_notes.txt"
        },
        {
            "src" : "build/src/boot/tintin_boot.elf",
            "dst" : "pebble_boot_{tag}.elf"
        },
        {
            "src" : "build/src/fw/tintin_fw.elf",
            "dst" : "pebble_fw_{tag}.elf"
        },
        {
            "src" : "build/safe/src/fw/tintin_fw.elf",
            "dst" : "pebble_recovery_{tag}.elf"
        },
        {
            "src" : "build/system_resources.pbpack",
            "dst" : "system_resources_{tag}.pbpack"
        },
        {
            "src" : "tools/elf2hex.sh",
            "dst" : "scripts/elf2hex.sh"
        },
        {
            "src" : "tools/elf2bin.sh",
            "dst" : "scripts/elf2bin.sh"
        }
    ],

    "bundles" : []

}
